X0,X1,X2,X3,X4
0.22989579909664723,-0.3463490462896666,0.18693937699668964,-0.3204214596663705,0.03147444289315902
-1.2028405801585744,0.14240855260020877,-0.14705933498810125,0.2980938181142483,0.7504823209727538
-1.8793671292347094,-0.8481098204098179,-1.84252574383315,-1.1313933386946566,-0.9962701395800592
-0.12841852742561186,1.08611054150361,0.2018179726146954,-0.08853997483694832,-0.375164648900833
0.11474924131098137,0.10481771170948619,0.20105889498368068,-0.07242209694381983,0.6503561228651318
-0.44898698935875275,0.22583802927133292,0.8245476798355399,-0.9816252002352828,-1.1964674797242882
0.40162599179828695,1.9030980207443986,0.2993912047879364,0.7513900097161819,1.4329208579295987
0.6732181323332035,0.11912522715466624,-0.5820420387024567,0.7386270648465533,0.12343461122275619
-1.0337495046407648,0.07022555415439222,-0.3536171895210397,0.5796498980058199,0.16050857717020003
0.26318527228470145,0.8432695285669294,0.1279179039016208,-0.3554740194312396,-0.6545450588555125
-0.7133442894607215,-1.2396829888465661,0.3598183319994747,-0.9021286206337006,-0.31855651886660163
-0.2729154212271033,-0.1888920526200521,-0.5326778134065291,-0.9302111014242957,-0.3223591950103032
1.27793839299159,1.3704560921315898,0.25429894067298137,-0.887113559547273,-0.4292452681075161
0.6384347148027586,-0.8488479066616531,-0.05699062611972355,-0.2550828282942527,-0.001704984634225025
-0.7029096620779677,0.7027728062227291,-0.6578467001008269,-0.794656612674707,-0.4545488064580727
-0.020340535247346088,-0.22729442411922454,1.0923887412721718,0.34100011176095757,0.21825270827950846
0.4320347945889103,0.5869086580373284,0.7259607113028893,1.5378613416452278,0.04378616413936946
-0.06753286574014411,0.0349636826395216,-0.05232913886731209,0.9145748361880206,0.33441788017260876
-0.621850447334883,-1.6931884415459597,-1.351351537837963,-0.5278433286276727,0.05264356739894924
0.6443289276769275,0.045769328804696495,-0.20319242134296095,-0.9691158443914166,0.8250475389388264
-0.4490156098196246,-0.7189327115841604,-1.3180213545136994,0.016802250928676488,-0.4524457178852598
-0.06220279406182258,-0.7240695593164046,-0.7055475631204188,0.14269590797351303,1.545700177889199
0.8508571257878202,2.119885991333644,0.4644068535283423,1.0712821280702378,1.4213016320030263
0.19588622335184633,0.8002388222893663,-0.2612396472807662,0.7173291361392228,0.012273095924692275
-1.1178301619728084,-0.3266223751558279,-0.40720238186468644,-1.3245499692227531,-1.6027849206739677
-0.19148556277162412,-1.3065231205717804,-1.012812488335856,-1.5083145882336335,-0.18611738691979876
-0.4162505587030434,1.306098435641589,0.6959895726502464,0.5431941636483623,1.4576579108821008
-2.2302884957510902,-0.7663938564590761,-0.8700329047543537,-0.5525886440385219,-0.6553376990732397
-0.8291368785499106,0.24396211728902828,-0.15810331770088454,0.7220870456228314,0.06568990238849677
-0.3888782689884006,-0.5476439156583836,-0.8875915143224928,-0.8130839315484832,-0.6544237752489257
-0.025708338466415258,0.5102342636979789,0.24278404777095977,-0.6204675189206103,-0.5271002193948098
0.322903604292374,0.3122654540575193,0.17545607498354157,-0.06060065843074088,-0.025515786058170526
1.202048022639824,0.8801378506459199,0.6190897372302444,1.2418566099927715,1.117132613617658
0.20820329826779974,-0.03407525876718912,0.3859504124503118,-0.2452110433387661,0.41813742240603813
-0.20818333270984937,-1.384751438304849,-1.0916985070445393,-0.7658395851751378,-1.266819391125666
-0.16918412657434234,0.2960573587287861,-0.6485945555628628,-1.2670169154345468,-0.4602843199103929
0.8482798602770059,-0.5163644308382783,0.34514612149030127,-1.0236987772650943,-0.43581707698928407
-0.3233890377752766,-0.9073189612408888,0.041500741817987095,-0.9555516656876037,0.018336077908869063
-0.7401823620185599,-1.9268955977201676,-1.531536740262584,-1.065453863286638,-1.496110147224818
-0.21854496705396964,-1.339859375171179,-0.6760583292091553,0.27225776476196106,-0.7701605685194648
1.9521814948660006,1.5142879714093378,1.292459065227776,0.6366276709124932,0.3412613965169702
0.30276484525843067,0.32673599255962793,0.5082596109375409,-0.935725338845554,0.1486550411775507
-0.1232809139569232,-0.3842684691764987,-0.04438635464025337,-0.7720340364176066,-0.4251555131977459
-0.3954035105939226,0.021643433264604783,0.8431410859179874,0.9889135845947508,1.2289449314226284
-0.5366904568246128,0.6024638501804088,0.17956177225981765,1.420381657585194,0.8230447922793345
1.1254450427828033,1.1020664071475024,0.5495082271103551,0.36791454199128903,1.043723254169971
-0.269549373766667,-0.9379164517097621,0.1407128657029461,0.06040670899717552,-0.057324306949152984
0.7404428887010415,-0.3439650138651402,0.3270925114993068,0.0596402432537447,0.7541683599715104
-0.28379308404353293,0.5343724988458153,-0.00686806625045986,-0.31796800802450625,1.4218376406814774
-0.8410115731568112,-0.31528119805184585,-0.6431925174586799,0.2734737756559116,-0.36757562338676514
0.26506750554675873,0.3090701149945168,0.3164273017159743,0.1933309186628952,0.25510824676291805
-0.3802144995937119,-0.9801777694035259,-1.7972618056324265,0.05350062286002228,-1.1648146994873136
0.7145173273540956,-0.30191264564989645,-0.5427225899536685,0.5633115136448276,0.35006065876540243
0.78146917783943,2.3654678409035976,0.9582452258332211,0.7722386941468818,1.471184193666065
0.3203332193623929,1.0984250437477996,0.9870331557259806,0.4468009009819819,0.6534684240933382
0.02985512271100076,-0.3807320600900016,-0.07990221252573582,0.7818372516410403,0.12960018984035318
1.6319874189725294,0.5796255543495087,1.4346234910776896,1.5404979958029617,0.040987823637426556
0.630385811914445,0.9430161612829865,1.5648505366790486,1.0466854039823534,1.9215038118967156
-0.73484429598682,0.004955571487577915,-0.34486295936807654,0.056753069844515586,0.7514352627364219
0.30680062440785855,-0.1662128477334111,-0.6698399576834164,0.08150753303741433,0.4265342661774379
0.05227452240078697,1.1863275251864078,-0.04500148872302935,0.5051542733626001,-0.4637846360593092
-0.5123801819075016,-0.1596157922827922,-0.8380061801053426,0.037702720628533325,-1.3072732369258684
-1.8270102065227682,-1.7894840752389585,-0.6138009450615314,-1.3102370941139372,-1.198348936909852
-0.6806110141662158,-1.9531482450744184,-1.2729900397612741,-1.5330333015894957,-1.1362442926859075
-1.3318967785572247,-0.9587645717138014,-1.257123318151356,-2.168936074865459,-1.2519365918403238
0.6097443493907703,0.9005256557061366,1.0829680885510455,1.4499026647895834,0.981032919420216
-0.32672027792151287,-1.0717624605656324,0.7524292051163299,-0.34913380367045604,-0.20201042279471187
-0.6176751952616011,0.11675405374008431,-0.8077633752306977,-0.6375817632063915,-0.5513179696794203
0.21030599236315095,0.7501616312404471,-0.42620562878847545,-0.707862911445203,0.11518926934826983
0.6759080908252333,-0.11836021994704085,0.029778432596412555,-0.4699422009964437,-0.10985492198824412
0.84446100559195,0.06150649410794734,0.6327200569817589,1.0203967663352127,0.8627892760554831
0.3839559105887262,0.4140375410930736,-0.3692096377060105,-0.004489604455914291,0.6049462810552885
-0.6594830114978542,-0.4717770272647131,-0.9507635541515422,-0.297408794197802,-1.6681219302494075
0.25277202778335545,0.2795819437385563,0.4039485686643264,1.135372509816301,-0.20198816911486248
-1.2357885029511613,-0.37137169240348356,0.09929646015515563,-0.3301234653057332,-1.116816392987968
-0.5772548548513762,-0.28773469957663894,0.17408114476987627,-0.6866586548263814,0.3040746926465703
-0.430719174845874,0.749216757185963,-0.06166000675352631,0.7364278199422165,0.17517790102960923
1.780416595859808,1.6690320406181127,0.6668954193483084,0.30912228256718843,1.3487021407159507
-1.9986151307469164,-0.9956550980597368,-1.1047910313493698,-1.6038169007957315,-1.6613194578488923
-1.1068556258995599,-0.5703925126594211,-1.2044642638599181,-0.7178194097640301,-1.2441383000075061
-1.842636568926058,-1.4105880521111704,-0.9151604767019649,-1.6968403285998197,-1.6069352666810603
-0.5742143678048065,-0.2595391141739324,-0.4058851298059121,-0.8103818483313527,0.4535384847396254
0.7074563316009198,0.649784654700585,0.518109594857089,0.6623084931207333,1.1882107591134685
-0.1383477625415734,-0.27081652433615283,-0.24115904388688308,0.8758976973898768,-0.5559997107215615
-0.7601897858183432,-0.843919122989766,-1.250660296606275,-0.880729889320024,-0.8514792908584253
-0.4607858525525562,-0.50875067228562,-1.2957718263363085,-0.2716369430527303,-0.12719495424707705
-0.10156661094529082,0.09752557729005311,-0.023249601133421532,-1.021620697744228,-1.0647990465776138
-1.3826482632161683,-0.1843831164206636,-0.5156845614551537,-0.2952650959041186,-0.09010495458851754
0.14730558575799294,-0.32577076531784727,0.07924799982338027,-1.0718697484060014,0.0993385835248694
0.4400692483994063,-0.2292588333165674,-0.7109630990738912,-0.8521229055815747,-0.02155286084442138
0.6784812577884168,-0.20525520246738876,0.0790449021314769,0.26644685870788887,0.4601040567298173
-0.11525780208450627,0.17290834914031902,0.10503711933405913,1.2342446099407736,-0.2645541395220134
0.17069456924448734,-0.45288616886783883,0.8268552085702113,1.7363889780490274,0.6669097908729732
1.1946831375502833,0.6574287330220169,1.7420757335225607,1.4163294654319298,1.059889611247479
0.15033975896367277,0.09507487066487388,-0.34019437750206916,-0.11579916041692086,0.2868831335205631
-1.0346587048584646,-1.0509603661472433,0.49081969302330125,-1.1988685553900262,-0.7744604098133744
0.5367112264833162,1.311687563145284,0.07948318781898037,0.9655061030145633,1.9133340334413527
1.4111141780414258,-0.03749924078110109,1.2312055425333268,-0.18312968871612972,0.7009383620530207
0.15931261988922127,-1.1443412108781197,-0.026847218046393114,0.4425471849621761,-0.9904411404499901
1.1415042903298207,0.12440844957800594,-0.19896131439196033,-0.22585985802267466,-0.18273577554691875
-0.9198576038232156,-0.09786087660658671,-0.7627069312111779,-0.20199586277870932,-0.7279144891686706
-0.6559345127169955,-0.3466574262869124,0.44054056991242907,-1.5994897719452816,-0.4452446003923787
1.2274805714292891,0.7215703002037368,0.5087745792750092,0.6048892968675127,0.479595368347522
1.45226259153694,0.9063024338294536,1.0362345465631804,0.06794704321294637,0.7728894279091783
0.7440117751130292,1.3837687605392306,-0.1922489566658052,1.007659008696479,-0.47431767832333216
0.4419353879360204,0.6330324132358894,0.32308526439495905,-0.09798040394581253,-0.9313452586642625
-0.8606934737804591,-0.10028196735317431,-1.637478833356053,-1.2393140640847289,-1.1910342884233027
-1.3322115800231067,-1.1396678700402418,-1.8908327278865962,-1.2650176249774403,-0.9296338691875505
-0.9677649950950773,0.10186053349749544,-0.859907323547981,-0.8078910420105153,0.3121466273255405
0.26095094469221763,-0.24183430128941194,-0.37785918216273645,2.0711220631386547,1.1584317821293089
0.34878300040107746,0.7685448740771182,1.5832054651248761,0.7296890741153605,0.552758804245193
-1.637048616945739,-0.7797084382559065,-0.29328302495733916,-0.6293399095462263,-0.2822670670690103
0.8937699673295915,2.1227654147069743,0.42260208984332953,-0.15800719290823295,-0.09849208871659033
-0.6914223449399052,0.033357835533070694,-2.0157200501500996,-0.314992852130691,-1.4540027071084434
0.9617259789381785,0.9465880226393105,1.2385529376030793,1.2255299730115592,1.2743582744379562
-1.0519278424133844,-0.12828799845291583,-1.1015666490155913,-1.1374712714945934,-0.5736768684699228
-0.5368150358508536,-0.10214343719776722,-0.1668179662244588,-0.38681748455898335,-0.9219529937832899
-0.30433846546380156,-0.5654688527296577,-0.16842147852083428,-0.9797668309220381,-0.765882571934647
1.0672144785793305,0.2121869181005956,0.9345035328056723,0.40174341324675283,0.47933868756167547
0.6832098172855602,0.851162760871426,-0.22705121412760232,0.2248884312738147,0.9984356575765628
-0.5710747791214384,-0.7222084384697295,-1.346380683958167,-1.3875745800546955,-0.8046292661677908
0.33316820837239053,-1.1302306139220324,-0.8112179336170553,-0.8906231483939498,-0.10137862558545697
0.3403911564511032,-0.7399384778276056,0.881080720802852,-0.3131673888730024,0.39860704529537117
-0.4290188961016734,0.11093519140302506,0.31615256014098636,-0.4316974390658576,0.5445956207541922
-0.0449651693176217,-1.1176970394610624,-0.20625245693351277,-0.07483372021265937,-1.015140218756971
0.01713196210351269,-1.6058137297588648,-0.5565390987774379,-0.42619464109611543,-1.1430129487713163
0.2040630812484568,0.8480706954856375,0.46903851413751907,0.5336574870916204,1.1305226956043881
0.4117803978963358,0.6178577098776917,1.074329151390641,1.306298442215054,0.2660699864475646
0.43693114095456975,0.4213336475875955,0.6461330849616399,0.48587679419387997,0.9684702883526701
0.5937063578324383,1.5383199796629836,0.4410230390154262,1.0695445375222739,-0.026247439265434817
-0.10108160610995025,0.3472266586756146,0.10813905505483197,0.040887201867215076,-0.35238184540988987
0.996663231984157,0.6559182938901137,0.3452723832821803,0.04621919748906717,0.47787132775513685
0.014363767805261763,-0.6044073158354577,-0.5123564034275584,-1.0888726405769085,-0.4681899055217945
0.14238400075330848,0.2288866814471741,1.0286746730518526,0.4671073611468502,1.484277747104845
-0.43353489307067244,-0.31308805738472717,0.13268517257940715,0.024611587316269043,-1.3389392511486007
-0.6449049931483672,-1.7224155490979012,-0.9002457614586149,-0.9505958302015094,-1.3906940702565527
-0.3594424070628479,-0.7481122506893191,-1.5900094900398374,0.17225317626047235,-0.5393981685407123
-1.5226005956058004,-1.455464364309096,-1.74104790938669,-0.9733660238439471,-1.353210917002163
-0.015047109275332402,0.042199033234986257,-0.9772203217587944,0.5862702112276816,0.147175550223057
1.2503150611033838,1.435429786097687,-0.581764431811612,0.3268121895914706,0.4921034884617221
0.3409149617795912,0.9438015302348728,-0.10018404456506892,0.23486148070632387,0.11100530463535245
-0.5825337437661945,0.08442379802355426,-0.6681070199418507,0.2111336297639456,0.362189224550713
-1.0094329548218757,-0.15823990893484918,-0.6815869515740942,-0.8955283910101692,-0.8658591111355869
0.37035407241001167,0.08496535249745994,1.3645773714454505,0.21160080560416714,-0.0974555160789233
0.9692274460484321,1.018598696120306,1.6118089251155165,1.2869200710391109,1.2848135874533781
-0.44824078034285036,-1.0710227630779972,-1.1781055261861686,-0.7666328920364696,-1.9280718626626205
-0.17861650453232897,0.35801830914111266,-0.08997552864991497,-0.4178331695520269,-0.1986457717149364
1.4579729732766835,1.0495080839521609,0.7172672744034013,1.4797722222608283,1.3779854328177759
-0.8445103886183166,-0.09347134789262236,-0.4486002034862292,0.21846570557928374,-0.0687639079845004
-0.8681699092779154,0.021102474598254924,-0.07568244612271735,-0.5199650328215002,-0.7326377321689106
0.3362893601847259,0.7922879680228441,1.5712671615352642,0.37710866518702635,-0.2834736944487853
0.848615327348869,-0.009651364557356278,-0.8699205002919428,-0.5488184063918186,0.08292039577814768
-0.5691948933091217,-0.7426248477955746,-1.9858143184648689,0.13208697551236592,-1.3889811520359172
-1.4972062965165855,-0.7347867839303567,-1.9145989700239505,-1.231685597517769,-0.7367340899022177
-0.10866896573635534,-0.25837187091776803,-0.26619334752451274,-0.10082268265845949,-0.3790800424596591
-0.7769528333795854,0.6851131224734368,-0.3631669920020179,-0.7331681359094574,-0.6533496623002293
-0.6869555341235044,-0.032978250604974765,-0.38356029648025464,-1.1204618934384267,-1.8424611973237077
-1.5345919184598729,-1.279661689479254,-1.9663995076358771,-1.3471528219550586,-0.9020541205002433
1.1585834698079112,1.0356390768660573,1.1492082673796584,1.2646664405007184,1.8594217893730642
0.8254383576738112,-0.5366483830327257,0.6775149290110615,-0.7012480850359353,0.4881481705509997
-0.7105065198127412,0.11499294515862218,-0.8690930548145179,-0.1454065165353702,-0.6600942706841418
0.8343989697129647,1.1183173419794763,-0.04845264032374222,0.10965885452184335,0.102940883508186
0.003085523186734288,-0.19053044283387524,-1.5386098408936888,-1.0608494532466828,-0.7030995867815137
0.22025963932523118,0.08389625740144582,0.864230946619696,0.6730342153566317,-0.38044102167100996
-0.9064443485601038,-0.06451192521210164,-1.1899798218586883,-0.11279651180152242,-0.3780346518085029
-0.013146220340016473,-1.7779496105663326,-1.1281485824768829,-0.5762251449025002,-1.108053810904872
0.7708329731778928,-0.05908778740986052,0.7036743774712519,-0.11452614303235335,-0.5488587838275073
-0.8881938650200716,-0.48226299905137404,-0.28820891905222057,-1.152569858722563,0.03433106773927734
-1.0563510250240917,1.3393132272711805,-0.6941172311560727,0.3756326360636654,0.06174139989082568
1.2303888698292391,0.6791516855043753,0.03124173489207239,-0.8410346052948989,0.3359926087960094
-0.6790751384048245,-0.19321435151636643,-0.847266029627703,-0.9108966546240646,0.9262937490904225
1.1786699600765171,0.941766739337941,1.399114104569087,1.172885268989279,1.2760119621413113
-0.7867532579353249,-0.95645854082453,-1.3605300953512023,0.054080592387144584,-1.1040179512039145
-2.098956797181547,-1.3326872787420427,-1.1524039903549739,-0.7580830114944185,-0.6744461720487599
-1.052864200453481,0.14910297483010754,-0.06076311822897093,-1.6474116231875011,-0.8114358011784406
0.11422600895275098,0.2308026623769151,-0.4163284591062001,-0.4526174242326725,-1.413077538437613
-1.2986213424910689,-1.090464575660513,-0.7965598128971593,-1.3992778020620158,-1.2722657914663753
-1.3050127257474382,-0.8377306637632783,-0.29435990236690324,-0.8897636249473376,0.19110033696919634
-0.06843309757255873,-0.674713741460266,-1.6099150877859807,-0.1411264980516976,-1.5986283939033854
0.8151573369944318,0.6183728750862599,-0.11996922992246695,0.9243759535237256,0.16646919214291753
-0.6659452403337106,-0.6671944591351455,-1.9093234518572333,-1.2366397538210976,-1.2133835259070453
1.1591848599002585,1.2005302830916145,0.5173566898436122,0.7285394188920129,-0.6179012042449323
-0.684150586519577,0.2175623306518129,-0.659900991076676,-0.1087687269816984,-0.04700102756570874
0.24885982537376627,0.04710684295912995,-0.07409303375146932,-0.054438462834492996,0.12013520802078896
1.4253604906126578,0.18578594176643468,0.3797725183436639,0.643064461599718,0.2078637434753853
0.4827689187294274,0.7081790058449219,1.2374932210359308,0.7054575924093741,1.6517796608870494
-1.7628428580097089,-0.5909840348696065,-0.00754457832528165,0.11080524135391813,-0.9816915168253337
-0.7655287514415465,0.2338570266126463,-0.4484671566677657,-0.3857559850064737,-0.6975943899157027
0.1649415979592009,0.624655280795872,0.6803864893725339,-0.11940531555199252,-0.16159247885956954
-1.3056581805669798,-1.763153976076534,-0.8155992594850092,-1.469942433200197,-1.4749184274598892
-1.4478334678466518,-0.08529498666734714,0.4099563305206192,-0.4077708302823491,-0.8443033960548635
0.004280092920553176,0.030479194580432016,-0.1859396415180985,0.5544642486445395,0.377158754303622
1.1410394753826398,0.2057432499598563,0.4280936920578336,0.1224779463667793,0.34689873587990155
0.601874465069321,0.22609244281825264,0.40002729697545314,0.7513538505105947,-0.27678186767907226
0.15388227765555948,-0.11613850761224832,1.4359339814298482,0.06821598373022383,0.15405978457485178
-0.43022274816985884,-0.7407681171465521,-0.0330389035086402,-0.003491972509288129,-0.3347894184087509
-0.1418293287869543,-0.5146591465388229,-0.6058851479791065,-0.6685330214477255,0.6956476467408723
-1.0277275842625886,-0.3079978859065266,-0.7282854385845879,-1.8420988504525486,-0.2829700172571423
-0.09526934990086304,1.1058505747003646,-0.1222296690952369,1.2249246665800855,0.7184467477064284
-0.37138464597592796,-0.1894069057510505,0.08677113869845846,-0.06696179463436383,-0.4441278149535555
0.030290450640435042,-0.2937688936840951,0.6786397865187579,1.0902906305225786,1.1303185339887496
-0.5737633083880327,-0.3618624735896685,0.28317029100566427,0.41131963055432413,-0.620090696767439
0.45842050547767577,0.04245704182257657,-0.054301176774046174,0.7382500070994651,0.6589613782891929
-0.13943479793131527,0.28067570215318266,-0.3682139837557236,0.18047215986136017,-0.6355861869764539
-0.4793976402662697,-0.426431686592188,-0.9934102945567613,-0.9474657111493462,0.5282621453774956
1.0893386033525843,0.50844985303581,1.6810976104286637,0.9460925278180042,1.0281510062514723
-0.4151717375233469,-0.45155917864851935,-1.7577179889448649,-0.3155945787509579,-0.5106590634084675
-0.5677479047984744,-0.9892254014397642,-1.2887248658533774,-0.2875141245472329,-1.030027520303098
-0.3074104544539459,0.22855717186899355,-0.4917616297270752,-0.10900040179183906,0.3118545069327192
-0.27370335262288464,0.24729485369945658,-0.4751555383627637,-0.9090483242732667,-0.20812397991550385
0.09961107563646807,0.4827931803185292,-0.07040908779771318,-0.26378846224783575,-0.24699306422374742
0.11442205629966254,0.557856556603195,0.6450024932516022,-0.33963421209465045,0.34365299852640346
-0.39261211473697,-1.6464790711990975,-1.0256903004042617,-0.9765406178423631,-1.5461269587563093
0.19243426412430006,0.10766439703374718,-0.3067686842541911,0.11455732741124884,-1.2452593005887067
0.6402026892888095,0.19769835645809827,0.5449685368322407,0.04349935745878877,-0.01622018035085544
-1.979715146570912,-1.585766247774521,-1.1596594850459452,-1.3947431888404451,-1.1109580879007837
0.031369516128836324,1.244367770218955,-0.07277758964954086,-0.24095337408911333,0.3078822843592366
1.3843162999983913,0.4643248244793645,0.7653829460810387,0.833336278657081,0.3098552715515207
-0.2653957401519366,-0.4939919861611435,0.5345220805068465,0.02742914614575764,0.4429748765309132
0.9175247427633203,0.4088441780519123,1.8366568429342278,1.5838944362576288,0.8121120151556773
1.125467892484956,-0.5873875834407062,0.3603237437949333,0.2598901519865525,0.4557425644552667
1.2701982926819018,0.6091956663437663,0.3675244720230632,0.9065263907293731,0.9253892915218705
-1.3014028723903388,-2.1781438756980784,-0.9723619395698543,-1.5769406571583262,-1.2372060877308473
1.3821227993362875,2.2533900638536224,1.2043666224086147,0.26628427722933007,0.957616712857793
-0.06873699016291177,-0.8705541536688086,-0.13719207714921838,0.12047079941838476,-0.24562485138971085
-0.8093577571546654,-0.06837066533987061,-1.1841699077836678,-1.0705071075506805,-0.5570926629769712
1.0829232882873752,-0.1620495755792756,0.7832805681748475,1.2958792528961633,-0.2659115141353007
-1.1002631757840062,-0.021213431001920725,0.19450355767585406,-0.8723621884802287,0.22938095300111516
0.5239461031935695,-0.21986951271480887,0.6003600717840998,1.1657981728661406,0.5265130326423431
1.8908277720204252,1.5621359914500992,0.5328405153807945,0.9677587175564974,1.1450725873244683
0.8481310082078249,1.2328200241494875,0.30472207526145106,0.2928746344907632,1.5701497150488934
1.3244698233111745,0.12807475841577348,0.9923506785183798,1.3278118675822503,-0.025417654878861946
-1.2338071582004235,-0.4304326954248153,-1.6183575184783463,-0.5886034902530538,-0.9948881313045769
-0.898636704757955,0.6023573853167042,0.6136260067231708,0.3547123932686826,0.06003743443757753
-0.5815707200522962,-0.3887348658896409,-0.8557434133200799,-0.030011652005477566,-1.2365654862983404
-0.6140592080858198,-1.386315219676158,-0.35524637111458246,-0.12410091878395992,-0.12722681013081805
1.2686819966648966,-0.13082576657939726,1.3495629905030082,0.5003945403544939,1.5691129674788042
-0.7455713976226332,-0.7453472718506646,0.1135834328055465,-0.8676594237513319,-0.3877259141144225
-0.464394620023686,-0.7502744207262851,-0.9461309213376399,0.0039955459587649594,-0.6048831732764128
0.14990288394180137,-0.5936188956983177,0.53875995979571,0.16297231200990314,-0.29239183296477955
-0.9358558645922577,0.5379526008538124,0.3130208215249615,-0.05148515841173226,-0.5618092688463682
-0.7247331132231204,-0.47138634933404916,-0.7541199720676947,-0.3151389230003206,-0.4172377810408161
1.2962050717196254,0.9415017647166791,1.1428423601565194,-0.40187432610658647,0.7242377476309365
0.330955139053316,-0.21119128449341323,0.38897247876973373,0.5102780224872621,0.6926743364374257
-0.944036675134523,-0.22018339515647914,-0.17615914803073676,0.151585441279862,-0.6013342341323572
0.39848817692870536,-1.0193771114034715,-0.571407517524575,0.08321778699003732,-0.1814906826770946
-0.08047017173163812,0.25885588953675737,0.7787993220699244,0.2029882084281775,-0.42209676802746193
0.9532366949130756,-0.1923979250151448,-0.45222889555805607,-0.5117068609859561,0.28307088932335267
1.4969861728434348,0.3537157435662322,0.07528844418637835,0.4966303882525445,0.5082975536544356
1.3354187797169759,0.966065959235065,0.5606549172255132,-0.1966992210293268,0.9919466628957113
0.09003282323691303,-0.5556735798192199,1.528929562798701,0.5474760875071955,0.8990258397774086
0.5056679070914072,-0.48460411151291877,0.7432531941779703,0.058841727755423644,1.2779652542233964
0.6770108721835815,0.6532664456648426,0.3481874449378513,-0.1536585474411714,0.7302727906414948
-0.7528058574896452,0.25872885044659477,0.13261443536087236,0.3218859047876874,-0.8179013264976924
-0.3809228404371799,-0.20978283667715394,0.9845812762154684,0.5642990316126458,-0.3493723059050189
1.1227300477392188,0.2857884318367209,0.3232135067251928,0.7325016312694828,-0.10552686847909286
-0.9313169980709766,0.07466445599255678,-0.16696488467222656,1.1505255657674445,-0.12064415216779897
0.13151419076380746,0.24064601468904254,-0.305987367968099,0.41768153461539703,-0.5549444370384553
1.9902608281864174,0.9576902555901816,0.7024085578598261,1.1201256882017117,1.571764036356018
1.0653737181943155,0.911072964794159,1.3617027195640345,1.114274799441405,1.385419750187078
-0.3307591887448857,-0.6460289458407608,-0.7194025679014228,-0.265318650699357,0.6832998174516212
1.4321244078476594,-0.24440233796393984,1.3005483204800217,1.162338368438723,0.2598455186922089
0.7266887533551732,-0.5364755605857391,0.36532570666715736,0.16951637936441952,0.3638232568063359
-0.3936347127115287,-1.3401866892880543,-0.4926895105591476,-0.9578469870760997,-0.9014558567803823
-0.3906271406671676,0.8623135643742158,0.16149778112895435,0.3952981843472716,1.9175050950897803
1.1990811292296242,0.94171192920275,-0.1924375777127993,0.9444547950089341,1.3953869532352168
-0.5807273567845903,-1.296681090267101,-1.4646293474206478,-0.042906983490982244,-0.6335921348882672
0.39874303905628106,0.24143941233165744,0.6424473035339364,1.313147875335216,1.177983343369747
0.3600922718112572,1.649064341191901,0.633201515969866,1.5773833276309113,0.8190108040290416
-0.5130099746645009,0.6500232406718081,1.3110680236460936,0.25580450137712596,1.3916108297826613
0.2899079448186268,0.9615253738676559,0.33283003386825577,0.8017651000558369,1.4148017791036505
0.08777864191840133,0.2898195433694022,0.8628348892375564,-0.1275474675113201,1.0495893420988816
0.9228081341345089,0.32778472695202854,0.874381692026638,1.2096356542520155,1.0207165788902173
1.1514455554893777,1.3372477615800906,1.063358770446495,0.5526393914795965,-0.25953706403840215
-0.3122385766532419,-0.42074475992739396,-1.4270089641334258,-0.5874928499122567,0.010908462072963842
0.3910739607898909,-0.7048147166871801,-0.24247176239181112,-0.522167261446325,0.23484301161733195
1.0711378241560687,0.6890420869612794,0.2530427227860514,1.448897792702896,-0.36199287661616875
0.007546278161791165,0.5139135980082722,-1.4073049350119655,0.2927746330297934,-0.8278439646449278
0.08477512578414581,-1.2088636276301843,-0.07135641645725979,-0.14542671043083177,-0.06385901386854609
-0.6012273151636821,-0.3515733624984137,-0.39671650308173384,-1.6284301094142517,-0.5731749046374532
-0.2500169043425071,0.25677436895928735,0.2532470315132367,0.22893884081767665,0.18334646072329544
0.7262564197680819,1.3363553694922146,0.2704284920916199,1.0497551098186781,-0.0985016747711205
-0.2656520099228238,1.162987801503987,-0.22358078329767392,0.17825200863171173,0.15243470919519334
1.1240796360091165,-0.15752362921756777,0.7080251205944326,0.7235196839083594,-0.3727562226776631
0.8319367980749725,-0.570630186028528,1.3026196720132333,0.3882678698318336,0.7295949032377362
0.8395037655113388,0.6051552779251139,-0.7800863750702127,0.406300808559509,-0.2631879050062577
-0.4532001391272379,1.2041515948356243,0.9383694373198437,1.405886145094134,0.38020839386005956
0.08318438145138517,-0.3241607001013515,-0.6089542094117373,-0.5170516900260955,0.18308249806299692
0.6751868776337205,-1.1816620035601761,0.33333178074888364,0.5467303077699013,-0.8488647765957371
0.5587575844278042,0.18106419340837873,0.6439012301817538,-0.19570819847369691,0.2675402290687377
-1.0868221838721166,-0.34433493640546853,-0.3854184846881933,-1.1006494558229594,-0.3631879579606598
0.6683518934399968,1.4637779827817456,1.3611247074685093,1.2440348747619547,1.414830659724844
0.6237247645218572,0.16868679834772574,0.6628849497571885,1.20391312797336,0.4579550241671051
0.09493190116827203,0.7296471247040471,0.9670419935308959,1.825778194240687,-0.14160340762368331
-0.022902147968514155,-0.34429498899928895,-0.15448184604044657,0.41455584002471424,0.776733384709121
-0.531832395425228,-0.8097136461600055,-0.47583545841453706,-0.013416190375516527,-0.41959733160747986
-1.1522280609607511,-0.5114550180336369,-1.3862576023677127,-0.8148488997175205,-1.0177126886109908
0.7324745113369807,0.45513486877445736,0.432637593585409,-0.08574429681655582,1.4126763045479311
-0.4795928356813794,-0.6756265928682175,-0.35760424954671777,-1.9070453065753032,-0.46103566606654395
-0.20295260343270444,0.8521988419953017,0.4341167964790815,0.15585551902196967,-0.19955068059686235
-0.6426250850283223,-0.11515258224906307,0.8837221824371725,0.12005158020908292,1.2141212562526507
0.6360809803294661,1.2871615395929128,0.6877173223462286,0.03439062749495135,-0.0304341617373173
1.0335264118044576,0.3904009097920435,1.8926026258545767,0.23855482473005313,0.7154672533205599
0.197156544838749,-1.3328052259633476,-0.6864481746682956,-1.0172268730171392,-0.9392714257405148
0.9844842639185546,0.4749334634308412,0.6181127614367178,0.39183864579334293,0.04639710192486009
-0.4105697664993707,-1.3718638625457866,-1.2069005724891917,-1.3107776916794727,-1.5523991722174975
-0.4787349948049305,0.17953104602713515,0.7724128537635242,0.671933575054779,-0.3087961209925638
-0.2626146031944911,-0.20852400758344097,-0.20666892482238938,0.6368902876235253,-1.6877871565620945
-0.026170123633088765,-0.1575503553477184,0.05902221336240953,-0.9854842389076743,0.8945924020483579
-0.2908847984662283,0.5807540307194194,0.09897021744694731,0.20112813322376352,0.10205328066559363
-0.8441733994948731,0.21777823781038472,-0.010205811683454245,0.1281785789985939,-0.09907786710055844
-0.3980665725297567,0.3028783890865185,0.2974099834077997,0.7702175160300695,0.26511509230060054
1.8806223172680496,1.4988378663039243,0.9127256801337237,1.4291725877411319,1.3194830164214368
0.804753775935496,0.9446608048441713,1.153905763910668,0.834506549753383,0.9166607453465623
1.0047744312740785,1.1436307306060123,1.0354512025583857,0.6663046218862755,0.9789333710649318
0.06219144812856376,0.1927968124018032,-0.11696686542769029,0.7617369539630523,0.03806538931929902
0.17956521318579727,0.5756878101649427,-0.19041610477993867,1.2173438091835806,0.7078161462939679
0.663798086631571,0.050806783436516845,0.5871861278013997,0.8410279491101195,0.17528706614929726
0.5574083950361955,0.11186247979353421,0.4638416564815997,-0.0618390631453197,0.3558916035604678
-0.3672398586651135,-0.43723193245016306,-0.4542529367686453,1.1263479252933388,-1.1225598819755667
-1.934664936533914,-1.267093598454663,-1.7663847761770584,-1.4613890875761608,-0.6360780631028509
0.5160398373456015,1.8404892989956643,0.958130497156877,1.5219527027560618,1.5581730701520538
-1.1803378304381635,-0.21107370662748412,-0.012448842355950483,-0.8924200402866147,-1.0468661657383806
0.17141529746830197,-0.9983702764383687,-0.6108198945535859,0.036262602032076305,-0.7868644398894417
0.950988849377131,-0.17701020449298044,0.6532919608725943,2.642849382753959,0.36452870554370065
-0.11123192987519127,-0.8994514375674861,-0.6133956726165551,-0.9921523017134914,0.15793499824012977
-0.4073626466486705,0.3271840797201512,-0.5020338299313141,-0.33146268017938557,0.26154634307545926
1.3637086590044387,0.6350182657017839,0.8027569431252568,0.920719466841182,0.636653800647326
-0.04822335326533659,-0.08542634588529038,0.519787827554495,-0.23112913277487315,-0.12028135658203741
1.0129896214812846,-0.7019939146977198,-0.27141525478082806,-0.08383871626900187,-1.0289535080470478
-0.7124058099396664,-0.4695013518854207,-1.0267822757988947,-1.1771209117156525,-1.4098396812134555
-1.349381227310519,-0.4211936257250077,-0.943504495008398,-0.5379028176916434,-0.6546853752993251
0.7198433599692503,1.3133104455116766,1.2470870742230722,1.0948731273179164,0.9429854970838359
-0.36530965969037943,0.3583557812472688,-0.18084133886825485,0.6840628811853692,-1.129507529448007
-0.04797424664988423,-0.7453831580489217,-0.536989772396537,0.156346811987945,0.5337991510896382
-0.06221176506959549,-0.32090666587711286,0.4698216261158406,0.01806033912449373,-0.2060338480376562
-0.9368769704223282,-0.9616331463107717,0.19333578896770484,-1.5471502885181008,-0.5946156748265439
1.1222548340292584,1.2780221666051732,1.6173505644701491,1.0418550986527508,1.309097748904056
-0.5271103851311496,-1.0446670379205711,-0.9414755637873101,0.028164734010589283,0.3595581643581436
-0.2687486742201181,0.3897303155769175,-0.25829089233645225,0.758833065840762,0.5013250729567158
-0.04281072532440396,0.18827559992570572,0.007651470672944269,0.7255195005906463,0.560628540147518
-0.5720008233294466,-0.6009546318944664,-0.35695765427044196,-0.04698658086704435,-1.566173918816709
0.06889277827787461,0.673717299418908,1.485392063927464,0.6194953407630673,1.643288116317426
0.3696159325293895,0.06949120418211571,-0.6618896508418239,0.34910822274066466,1.22135439601694
-1.3484174441813626,-1.0073723133808208,-0.37794696115429227,-0.6069068312766017,-0.8066760814237537
1.0534040631751957,0.9962229843047906,1.0039071406255893,0.35078124885354117,0.33725025177553253
1.2940451078075588,0.3210240435221613,0.7669130158741497,1.6277530100117734,0.36863373372288205
-0.6878991262808187,-0.5654904334993183,-0.8494161041704181,-0.386872298815647,-0.583006652148669
1.9230465617344732,1.1149597714833253,1.4775883754497348,0.9613652845410867,0.909044069916831
-1.0350087434751358,-1.3893921444385036,-0.41893605326482863,0.07680517796455683,-0.4167928948749874
1.016003361454862,1.210695193195715,0.8615208900079063,1.5774478807999057,0.7663625747844182
-1.4609413309068786,-0.4093344187708022,-0.9714699373303032,-0.0754103354928937,-1.8243869751140078
-0.9642808831602778,-1.0847553495017572,-1.310253823634908,-1.937634384422856,-0.6193931368583485
0.4072413752566661,1.5293100036428802,1.1693454162028942,1.2756290531716499,0.8808977367528915
0.2599730485706762,-0.015315119460266558,-0.3245417882045283,0.07728864205239853,-0.14009449045889397
-0.06270511485338115,-0.39386241158329716,-0.7663790438238008,-1.2611118145459963,-1.0476325234615609
0.020380350867145212,0.7111786430939806,0.1455084705909572,-0.1492501660941332,0.26090901819424195
-1.8362505855915574,-1.6465217600772208,-0.8852072132659105,-0.8183035109875089,-0.5552723279150203
0.2188951346766953,-0.21530591679235708,-0.01234408891605767,-0.28233491989679,0.26362326614262055
-0.14017814599953768,0.15717626798679982,0.1948634469389639,0.31222925625474957,-0.19472462270000768
-0.2867558301556348,0.18971936012112564,-1.5286813357668347,-1.0728021620977994,-0.5892718163871469
0.8078345717292819,-1.1844917511899038,0.30446909465401845,-0.8137302773953063,-1.2796570660987767
-0.688535982549556,-0.9161496554968256,-1.2806506471815164,-1.2936763827886824,-0.3959311561303599
-0.5117484692512577,-0.4842061531085668,-1.1648367287973718,0.5123908819143383,0.7197830315029518
0.1575736506248647,0.4469329683608156,-0.45730992698761197,-0.05621721900642297,-0.5958223660611107
0.5039153334921398,1.7455012146287152,0.7445564526008337,1.0534524796946918,1.5544922698839334
1.0897408866009257,0.46591872580886573,0.17810288112448927,-0.6234958562225587,1.4248531121882873
0.26452863560226336,-0.13699539656961077,-0.503341249088609,-0.6296212382067176,-0.8503325364091345
0.35615124384755864,0.48842218222070777,0.43186340407470536,0.7855311890021158,0.8751960076318207
-0.17366752484171874,-0.1324911071923663,-0.9799349281883493,-0.2286992974251131,-0.09796173099223103
-1.0160494968742695,-0.25486749877298925,-0.15463679217552495,0.3926213690793929,1.106991827571512
-0.11237983251044262,-0.2171821381958124,0.21861882420707493,0.709961675002469,-0.6326140541646933
0.0399255038602068,-0.7627329334387573,-0.29552375766476735,-1.049777271791881,-0.2278747454472898
-0.06392700203500001,-0.5545162398758431,-0.31959802438180845,-0.7522618649388108,0.0934532439517147
0.41156980032726814,-0.24151358228005992,-0.7421427928018324,-0.11673964289132727,0.008155250999600195
-1.0618726066153374,-0.5295263475108657,-0.2718473567602798,-0.6946053318004869,-1.053821684016676
0.0899661795865158,1.0809572297480559,-0.29876996236270376,-0.6413570162200911,0.7201884657545609
0.8099885390874085,0.47809288951776635,-0.370530314121077,0.31226338165895806,0.13347584144195454
0.12546818867605036,0.40339523860366,0.49444871890206776,0.2636425296884102,-0.8439411253907836
0.6001885105012654,1.1675342737787247,0.521010092283843,2.002262543002339,1.3868272023963484
0.7526150179229514,-1.1749606294167076,-0.25040853224959086,-1.3396038239176031,-1.3181933952597182
1.4066875472697988,1.2459049074872257,0.8782426792596084,1.022936394300087,1.0814476871772947
0.32522998024983607,1.0499203825582273,1.510210465068434,1.350462817521905,0.5057957032003889
-1.4896593898322672,-0.8954685957711964,-1.7184796570577945,-0.8592945952230319,-0.18359195648890148
-0.1343677891548263,0.2557174087740472,-0.1593246430279569,-1.093101939702845,-0.4412312034974264
0.9579198667056786,-0.5994412977494586,-0.3914047577914032,-0.08149917516153318,0.12221501770816556
-0.7566265539142822,-0.5741744180442465,-2.11982566279123,-1.392504043815387,-0.8198326880597802
-0.4183167512830935,-0.16859397767415502,-0.5688452926787353,-0.936060104119034,-0.4886979068791175
-0.5035449628133525,-0.1678876885650428,0.07358674599330867,-1.0638624257463374,-1.2569461854849187
1.0309544223525544,0.09138705701839885,-0.7599074569520291,-1.0249684667714842,0.29197003529068855
1.303348123601116,0.12774606277862263,1.378002142977663,1.8474254727056898,0.5143193594118293
0.7016701409680205,1.0284071903197989,-0.6400413851761567,-0.14456432749387307,-0.006172788263406982
-0.7726439553966334,-0.6268955660757383,0.1909048737490963,0.13565735314415345,-0.3546669965264831
-0.6549195314656098,0.6683451667824464,-0.630228024848178,0.7802070959051369,-0.3486486245885067
0.29822635594837926,1.3105362258479023,-0.07936110431367414,1.3833224869203158,0.7962136674992691
-0.5833609474227769,0.7166181893400129,-0.04748195851441058,-0.6502895357683715,0.38322202983803816
-0.5202255095746183,-1.2238637036456093,-0.28232771371865806,-1.3857807692016728,-0.8773508474869145
-0.37857572519290006,0.042215850729212356,-0.32883063849709954,-1.0460642396235806,-1.2674078943525375
-1.2043304521949785,-1.3016867867887785,-2.0174992971141683,-1.582695422060346,-1.609579549723171
0.5562247875384452,-0.08426173075371302,-0.039838930990989646,-0.2100180558026093,0.9712819636423751
-0.7789148881871624,-0.5363204521432672,-0.6967136763015396,-0.612663372877937,-0.5447795172934232
0.40457617162674847,1.3259828665342714,0.11544280887673194,0.9116202783472416,1.2391809257228863
-0.20569536138726907,-1.1514672750368056,-1.229649413697074,-0.039124276057994796,-0.18874263252260087
0.9825679438142884,0.9745619803340448,0.9628983992911909,0.6801895679460473,1.3484307118160408
0.5749668221250548,0.5228224041119323,0.6020392810676862,0.5351975950834302,0.46093567028148996
-1.337418427905032,-0.19673751247257834,-1.417883889870809,-0.5897825171897279,-0.5329594192531438
-0.13318007697727946,-0.5901453795425693,0.6461504344149455,-0.4474594464780558,0.126546673321062
-0.754584116888021,0.4646771590571414,-0.0777440760524026,-1.2635048165309075,-0.2467068879725016
-0.3514565997671818,-0.23221657380809613,0.6421998471371873,0.7227663407099068,-0.7384908021305736
-0.12324436717661162,0.14408116490484763,1.7722478099034626,-0.04865900130104782,0.7488559941296163
-0.18684335443747271,0.5339451301758025,0.8154809348447983,0.08963301490939196,0.28115078845581537
1.0057164108897567,0.9499418875161324,1.054002809818481,0.5579516627263386,1.2255372395795365
1.17067476348885,0.15954222070325014,1.0272053193711501,0.3111880117259278,0.7466847967400934
-0.3539011934304948,0.6464004914751647,0.14029982528409277,-0.09627371067888946,0.37499135118484345
1.1355963302321834,0.31446093943084,0.500781722586601,1.848617489034394,0.25438863369589804
0.49221600391919706,-0.6006785536461441,0.28944190695755684,0.17338274334615608,0.205079808809745
-0.7328779272664828,-0.9778512870309091,-0.3002524510371268,-0.5800697656294946,-0.29781421194980245
0.5942773623135604,0.7223418175181301,1.857394217293103,0.9635434818959341,0.5849887951102808
1.8891621875351976,1.1502512197368566,0.9057931870189776,1.0898787764060727,0.8194369829756392
1.28996279892912,1.1900974255662604,0.49559617335737743,-0.21236320150226032,-0.20758831077585474
-0.5907201527657013,-0.5485468145919451,-0.7163496773686935,-0.6384717282406067,-0.00695476994814397
1.1738462316254916,0.4726079265263303,1.1941451616475725,-0.013560141236145908,-0.16212021149405076
-1.2763203622353754,-0.8525415208243196,-0.9694569022613705,-0.7969511317315149,-1.3855241011478698
-1.2030341524023136,0.1613504037896061,0.06978391232841678,-0.47360077394514416,0.07862547524996326
1.1172479885279016,-0.6286033880347712,0.3766368919697581,0.030499611927180842,0.8686935270424937
0.1338806283461977,-0.2840480510796373,-0.2733782796216629,0.7849584164187604,-0.3119873510104298
0.0695874895006491,-1.374055184923036,0.946213513083177,-0.42324466090395185,-0.9080152872853386
-0.7692182187761543,-0.9396347485560155,-0.9799901806796169,-0.49143323275681683,-0.7221896833471194
-1.016476644507551,-0.9961797459775152,-0.521121677125364,-0.4790405098366535,-0.970121706991161
-0.6083947101429902,-0.4016226535741378,-1.865610673748149,-0.07660560600611703,-1.018771111528521
0.4040802477914575,1.064827304546604,1.311628107462686,-0.396476522340179,0.9490953236213849
-0.5697986832247741,-1.5075015973539054,0.6851206607301448,0.6771811303376818,-0.29426900044630716
0.6782426649165831,1.1384696551094202,0.15781632390230083,0.688595951585644,0.6655769520640685
0.7963154391824265,0.9554324487515231,1.1369294321624304,0.47099193815623164,0.2871139545746165
0.3987019363563432,0.7924324984594133,1.4237244864760896,1.2957981087508157,0.16895780500040547
0.6407736304006431,-0.6020512805788824,-0.5180772444721111,-1.2717089556253305,-0.4430289250189112
-0.7587744452685802,-1.1248699323256632,-1.2362123468555957,-0.9265342060230395,-1.8768606689313168
0.04983914670230985,-0.19885371249214656,-1.0473654368096603,-1.322502798159245,-0.3390870590705298
0.6763294817306479,-0.7571788692871654,-0.8751081561488626,-0.685091606022725,-0.5563449028767266
-0.23350117713373175,1.3321452753773162,-0.9405366052999145,0.16734992401449747,0.2629589465904296
0.33574400656231135,0.2749289973493433,-0.12204078447420794,1.263136006194579,0.6534273221894549
-0.06982732301684441,0.625918626312199,1.0592339652280545,1.6515861334206317,0.30122623490788547
-1.2837433413780843,-1.6194853947447811,-1.1261938631061943,-2.247112317677711,-1.0005290946240257
-1.913250249044514,-1.4297590775241038,-0.45972904363495776,0.20453935195526238,-0.9639322657255416
-0.08153040242648187,-0.014625659358214095,1.163819523370706,0.9022330442829143,1.1465367193031273
-1.4255686218740116,-0.03639178873003932,0.5104209062790642,0.15087802824449398,0.3427179306112074
-0.19938382401008645,-0.2911344982821451,-0.9205255564487842,-0.39145769597884916,-0.2527677604622656
-1.4158641459427526,-0.31542546438390495,-0.3377166305924464,0.1169271047034817,-1.3218810371809269
-0.6507465739120343,-0.8464325845068256,-1.2864657506068262,-0.0032071609733991574,-0.48661889480712744
0.2768938328363934,-0.08655815636453422,0.06774141710107592,-0.7065537722314372,-0.44139507000291756
0.8746270181772211,0.41348452545383885,0.18329494037924035,-0.13707053345693956,-0.15982799289158245
-1.0923841941809207,-0.47507300719205875,-0.2870352790221844,-0.1861907375100167,0.29427372769810467
-0.6518477715862249,-1.5656164684452125,-1.3256299225407262,-0.3854523133643449,-0.7463924269310563
-0.35290907302969926,0.658023329280546,-0.024722450710202185,0.6454930321731002,0.953362000266428
0.8224744183230946,1.0483439905125933,0.8765787587669078,1.2907667849827464,1.458366490019571
0.9917484390329623,1.1867266848439366,0.13941051831846404,1.1947980105230842,0.9638750966308686
-0.19981822573893065,-0.07007622940419216,-0.13994640352732546,-0.9196234434811121,-0.5550457220269288
-0.1384978608459246,0.3563411192257628,0.6588509640988601,0.5835158904423134,-0.056013639326839344
-0.4638548267738133,-1.2379915380411417,-0.22954570799554191,0.064504917946981,-0.42629751244627334
-0.6625984864276306,-0.5800495031750592,-1.0282127089570396,-0.23448097957031241,0.10995105477579824
1.0026702164268406,0.20816651926915866,1.9207167345034704,1.4543135888305274,1.0861221359476845
1.1843384026565635,-0.42962038125891483,0.5554800955969689,0.3437089260408219,0.49750395576822015
-0.3921447308537019,0.45638399662621754,-0.4635025039168712,0.7915673231614675,0.22121180613020058
-0.006650364238267262,0.3483807536681149,0.38095777782999585,1.8452879581592796,0.6895190686167529
0.9169685081209104,0.05443564382285938,0.018357634214586867,0.5975838974942288,0.34649509300448667
-0.011369636982790721,0.01656225749937533,0.07886319905761044,-0.3024205515198068,-0.06849543726676467
-1.7070861526295253,-1.2560902422016844,-1.0900885697996383,-1.5907461313574138,-1.8748496780518706
-1.0207729826074023,-1.1380610528865525,-0.5320793866735269,-0.4154971466219926,-1.2161488862362142
0.061285647204891054,0.16603240736215255,0.20585498495944538,1.0673331688709733,0.44338039119321176
-0.5253275127030179,-0.5259890849060956,-0.12335725917888776,-1.1156208293222982,0.40071493877538306
-0.03901776403420303,-0.022013888471239845,-0.24343005600070022,-0.49804272460453236,-0.18055340685181331
1.5656835898090415,0.7756247588082752,0.972043246353769,2.0140328299652492,0.8507387915882184
0.8215044891654066,0.13342666008428206,1.2039133487885096,1.538862365386611,1.7986988580392946
-1.5820056357806336,-1.8282426795665419,-1.1979412588385232,-1.7696466369312984,-1.586423831827873
-0.6042121312238968,0.9912416726562897,0.27297137826495693,-0.16015041098672964,0.33345790852900464
-0.5494963444030394,0.5023203690994408,-0.9226681193756973,-0.8781620546953923,-0.8890784226790629
-0.4636647532474855,-1.0209023792728666,-0.4983539226016029,-0.13607028186408893,-0.8921259462621303
1.4889820751172547,1.7863937163227896,0.9707286620212544,1.3852170620850328,1.1014376238164834
-1.7783018837501023,-0.9779088595682266,-1.1892716226803335,-1.2478436227145369,-0.6187490058988718
-0.1503233869713776,-0.16007118264172135,-0.024279209140753533,0.2751466801190894,0.5384116325758922
0.14647815106591747,0.7276260534536245,0.6513573756434915,0.15419625806416237,-0.43327563721682033
-1.219056422126367,-0.34609066340337524,0.1928560097528164,-0.9894789721203977,-1.203952248399791
-1.1936823064682052,-1.1484242629162198,-1.4131071805873232,-2.320239022903009,-0.7251552037474098
-0.02003752213027013,-0.043545710173097885,-0.2646580355812055,-0.3810362029073039,-0.1087327261518868
0.5433316925197602,-0.17664844547307795,-0.5060213708724854,-0.4128292997687723,-0.3510572209463056
-0.3491380788082315,0.4890188175681635,0.41490684007957856,0.5110590146812667,0.13537656338601806
0.22125985012215116,0.2274052698936126,-0.3866864852571757,1.1012902907630573,0.8831341144222857
-0.1349216281371057,0.6949528612490729,0.03556039515560289,-1.0660455210660542,0.07271751714601524
-0.3959966736618773,0.3560905667131496,-0.9400699188567628,-0.9747901755894073,-1.6676060319715127
-1.0705229630741016,-0.7123971722576811,-0.6202329146529385,-1.1426947826321117,0.0029155729541026996
0.9153636453723192,1.246837285808836,0.7868197663947257,0.2662343836958508,1.399620609593117
1.1197485123052415,1.267380418361665,0.5538232248204216,0.5752409735705102,0.3199234762327375
0.11612601298239608,-0.300795148936559,-0.35736896386573785,-0.3711959054418033,-0.7597501886448998
0.1483254518604017,-1.1311603421948286,-0.44938881432012734,-0.35853656364958414,0.049505588672041564
-1.106170740854424,-0.5959971450555019,-0.6620266905913511,0.23007671105180624,-1.1310049592135203
0.21256368808070125,-0.19160707991696044,-0.22895428750606905,0.5556683292219331,-0.312572900631497
0.30812570442552983,0.948098864845912,1.0813379654631707,1.1821268760607353,0.6857538634267121
-0.6311244231872385,0.870337072321543,0.880603770907363,0.400573453323641,0.46302668344978903
1.2689466380886494,0.6735645547991009,0.33527458766041457,0.5440708711147235,0.11823201386440177
0.9974036324998471,1.0558056013921142,0.7923184459576328,1.275166515856631,0.674732874245876
0.28702951636338475,-0.3294952006711296,0.6309142135333071,-0.010684714501095937,0.17999713172747484
-0.4350583251449676,-0.6977829207525521,-0.5159410708449815,-0.2547804396155048,0.34605090455370396
1.7905950094652876,1.0504267520801032,0.8912999164650972,1.252983752264556,0.9551751752021955
1.1958836290525892,1.2755643635118397,0.8653555002264253,0.24203692044066905,1.0853789858317335
-0.838169879945403,-1.4767317233601718,-0.32670068245131045,-0.9443380831598559,-0.6635389106579859
-0.27134072087892736,-0.20540286945182912,0.6243843425563821,0.6527385498066912,0.20290770872597982
0.32496093366887235,1.6606365056330359,0.7243716922017266,0.004818752355259145,-0.551376175128526
-1.3127363861988852,-1.2680797989464285,-1.0839438077463541,-0.10688245116673509,-1.1515131899571758
-0.5119658857630724,0.08685632258894857,0.19385687466239498,0.7867442904991209,0.6604431682133595
-0.6683913317637105,0.17768468668586734,-0.43197483874143466,0.3359675792843273,0.417920911593203
1.0806279195869493,0.8338189270690203,1.7146203790657932,2.054407852592476,0.38726670156128146
-0.39369249311588755,-1.0312199341199073,-1.0861739037840532,-0.707680341741103,-0.5403422545811892
-0.3949665976211916,0.303109822312756,0.7724208047671125,0.023466273873207974,-0.24557138491733824
-0.9324905655076019,-1.3980273028127075,-0.23596761431416785,-0.5920645382794765,-1.2056587516312824
-1.603157423580296,0.25266789740292683,0.33444619993332664,-0.20722704792276142,0.2729736711478811
0.852504798191572,1.0835165602790335,0.870321584338267,0.525042508533746,0.15364815758342387
0.04039962883753031,0.227558178259169,-0.328372505727353,-0.1442473591425609,-0.4912855873096222
1.4220209623356292,0.7291746430614879,0.39174888555267817,1.0989240270294127,-0.6365796134383532
-1.750173290453291,-0.5698541783027895,-1.3552568787513755,-0.8907386861975449,-0.19113524812206567
-0.09811341722286678,0.9760807974156611,0.381945200024744,-0.0796168058937441,1.4702034600821765
-1.1229623507834803,-1.3733513649264946,-0.8030729440112008,-1.2130914560573518,-1.1977991830293444
-0.24220121686036913,-1.3491789941959509,-1.2484970504642252,-1.1467528847704644,-0.8688684838678566
-0.09550032473590775,-1.0821047948076927,0.3519839382355547,-0.08988451058382067,0.15176004819755742
-0.6064757067129373,-0.4492461316742461,-1.4314476949327197,-1.068897115460726,-1.644872061612821
-0.9847950204545031,0.2478860557067737,0.44913443722238916,-0.1630562388260351,-1.1565728470036096
0.5055240909466329,-0.1312461728790432,0.3584502746020681,0.3912519479328156,1.2343090355245283
-1.5377410671873342,-0.5349126708269462,0.12821549237638807,0.3882195831017231,-0.4464308109756792
-0.2532239966224117,0.7518742308318149,-0.510518146539034,0.7200752790333217,-0.20004448855409737
-1.371458626233555,-0.5471432364432733,-0.4745989891998746,-1.2717397839708655,-1.1251574222234426
0.7827446247762228,0.9121480522100524,1.131022149117901,0.4376254103947868,1.0048797748341518
0.14471530529855567,0.799795978823871,-0.08198956525079226,0.4565487399838842,-0.4135617095626411
1.2489659020873078,0.23298675961479234,-0.2577606893903813,0.5306939564617242,0.4966024687272348
0.3083706084056504,0.1026511657200608,0.0169448895413728,0.40684368979026186,0.27385157267086024
-0.43931124145185796,-0.5878330755857856,-0.9934791145318744,-0.8460650509500512,-0.12799130858852664
0.2117494428501486,-0.14259723020673623,0.3869680632733404,-0.09616022995620031,0.9068453250482227
-0.8941646202109891,-1.1303053609763705,-0.20230781490528796,-0.5872244157563656,-0.9342339570100183
-0.11601849229905203,0.7811355519488867,-0.11648935576375487,0.048484873177609446,0.9878842973508498
0.7743832414338149,1.5349349383756807,0.2022562783289271,0.7197166437298671,0.13031388685135778
-1.0766622585142072,-0.6817033697567002,-0.16508867274542244,-0.7054464440078119,-0.9462736967071427
-0.8188834312822993,-1.138073459391712,-1.763327675076505,-0.7688674604319489,-1.374231292095631
-0.059535378837222826,0.32826572268323134,1.301932676396153,0.7819419869157276,0.46592377256672873
-1.141818450168757,0.23325880349615538,0.07887069571006568,-1.3805557692638615,-0.43338358581566533
-0.48860572944201675,0.49498771490122545,1.2264068193573991,1.376162534729763,1.6822518556453383
-0.8581583800720488,-0.6530890637139627,-0.5735683894320811,0.23289972746007703,-1.8649261948886806
-0.07669126181485822,-0.19241758006294538,0.8948239501544131,0.23896828571863904,0.35018286918221025
0.07994512638703295,-1.006313228736913,0.0344189986735125,-0.23118288500040302,0.025282008452885276
-0.42466418874495004,-0.04789257118372344,-0.23147258656172934,0.7848299370704545,0.49248590645223067
-0.19399546578448612,-1.2647703466673685,-0.35502967393031226,-0.6899533155718242,-0.23517725519702665
0.1362550393328746,-0.35179284153529544,-0.3701654418786738,0.05980326779897898,-0.42441805395065096
0.17234969648538873,0.2589390569361238,0.5427474130352999,0.43871279595384227,0.30689000400860067
1.5497023920511046,0.44303183089914605,0.6712953671052637,0.4682876431999475,1.4599237786722046
0.5331453139442347,0.5700540538542771,-0.24284992151193546,-0.5976475343173444,0.12156816622572948
0.48274068688832167,-0.6978612104037912,-1.1519800825361435,0.21868081276464657,0.6398060658292734
-0.9612971995051516,-1.3465487452227254,-1.0829358686080635,-1.3713088837802316,-0.7267997433809196
-0.5454391853660445,-0.8936585614530214,0.37331264853090773,-0.22385042945225217,-1.4438641555734881
-0.03894225473949756,0.9411926024814126,0.013607281468221441,0.15682577983068618,1.1021116213875854
-0.7074830523644456,0.9782030916108096,-1.0495279451955555,-1.0959764442343969,-0.2120133554309743
-0.22188594398441686,-1.0565437151377144,-0.1457327830018763,-0.8485743927828365,0.2830018538729613
0.387579820981441,-0.20561079194991527,1.0521223041983667,0.7160554616060864,0.43929119425455787
-0.7088203057342408,-0.4591051793890992,0.8672123317443461,0.06065003631354321,-1.1383724347244835
-0.7214198478325742,-0.16134270315234497,-0.6861246349641404,-0.8856806099327331,0.45273458029431957
-0.923711271784406,-0.9099490905060152,-1.0975622863273395,-0.6758605367496714,-0.854042736905505
0.8870233809535639,-0.04243266981208808,1.17013371634757,0.33122561437392695,1.4906790401258514
-1.6306408166915185,-1.4491428882080934,-1.9653465862163908,-1.6323770510141946,-1.229848342104293
0.482549868736622,-0.6153867573030131,0.029419349041080598,-0.9228601447727809,-0.34935456542307447
-0.3299274403847654,-0.18924705921519702,0.2685479124524085,-0.4715544288489365,0.1690536472982082
0.12998063041410077,-0.7534438688329292,0.501038906856282,1.365477533638921,-0.049749793026241974
0.7777926924140857,1.1886934281112778,0.26834572491842507,-0.23186173894268924,0.828230759294829
0.5749810746140812,-0.20830832725376616,1.253118036075299,0.21383159269439234,1.2062847441419238
-0.15998970091900525,-0.16216750128677818,0.4550932995112456,0.627177645667742,0.43540609490798626
0.6795148144734,-0.29065469945452566,-0.9914268990244914,0.45883631152175197,-1.1258030172575695
1.5606236057390013,0.8979435163904164,1.160913901563488,0.4631409329346028,0.5465759967817078
-1.1702780021927406,-1.1859460097477101,-1.3109466950127873,-1.5520495413738074,-1.0794501163879135
0.7622364370660877,-1.0673190932307715,0.14919425803976594,-0.17042401447577793,-0.207766143911485
-1.071980470011943,0.8724359320916724,0.35425071580087836,-0.460274035563618,0.3203657431267954
-0.48132876459364315,0.41657772378729746,-0.6789571480628142,-0.38987595879174897,-0.08181408169099479
0.9601648020691924,0.9782528815873828,-0.1529078896337066,0.7546147059203071,-0.29812160397617676
0.8028691000571213,-0.4513136919152155,0.4629411245583357,0.10492354112001374,0.34989239075712736
1.1243688373222447,0.7475499270989038,0.9169355864595058,0.12530027682121647,-0.3457950602784822
0.024834911221228217,-0.7279534338759902,-0.2353456157202909,-0.6774372394387566,-0.15014766127625453
0.1243638600361445,-0.47138087116376937,0.41080420158833714,-0.2537117474277292,-0.5131692475068214
0.4135808565364079,0.8945074691752101,0.6778895972175769,0.8622129595741614,-0.19919468936898077
0.5524957319231945,0.5698242924175272,0.8130855606023525,-0.04742054151660859,-0.053750882350682726
-0.3027598203769477,0.7210544339509327,-0.9328662117839243,-0.2123256282107644,0.5999983178350151
-0.4980198146845618,-0.5100377665844982,0.12419944698065456,0.11870885045567629,-1.4058552362187453
0.3553590515249184,-0.6622566203722455,-0.5176794944170087,0.6614553926536506,-1.513305791473815
0.9285524407527507,0.9459906222058813,0.42390779062530815,-0.8151594283449685,0.029160464790651753
0.7490089143091825,0.279976030682454,-0.009933077812201683,0.4903843092022284,0.49287521647327315
-0.7276114397946442,-0.26772899053146076,0.34559978284818077,0.7558744785850524,0.2669203370108254
0.16455237925840635,-0.8001495414429426,-0.13193445707819934,0.479681382417891,0.42446355709267386
1.2228757453469579,0.705172752779003,0.8867243493985022,1.3523141511866807,0.9376670673791828
-1.8547179192191203,-0.9000700152775751,0.29976844869844044,-0.33866779669455693,-0.5342613965597293
-0.4718090219140502,-0.08447231345747448,-1.0119018393756092,-0.3876896154584608,-0.3448842955750582
1.4130437215621978,1.218990113164466,1.922171302384114,1.2389219617086604,0.7443338037807105
0.8508150877394743,-0.035143431504637994,-0.3858851357356991,-0.4562699046224112,-0.36840076864206767
-0.6696237424272425,-0.94949791942574,-0.2947517621943072,-0.2501534286785295,-0.292477605773403
0.13044767660750717,0.34271834951958274,-0.1687884377009093,0.8546787328283191,-0.71987377168799
-0.48603109930599003,-1.7639700093743824,-0.8516026505892202,-0.1049859094189524,-0.3981607779400855
0.6415171206589442,1.1453514481422629,1.5212650604410407,1.2597539570961143,1.4977463035533103
-0.8359839820616808,0.43572339900276336,0.35551361580669927,-1.3785836055366272,-1.1906776192903965
1.1962889982373193,1.3117500848112347,1.266271057821744,0.9362687095284321,0.3399439494345112
0.9689049929444961,1.1107082896652878,0.3786102338388407,0.9870691593755268,0.20816257092126755
-0.3046136008246891,0.7754343352645224,-0.49680790471369113,-0.39680498775690076,-0.3293193728041194
-1.0998571946162041,-0.6670516540889546,-1.692642687893526,-0.37847120520036204,-0.4200096975134875
-0.016715433855899048,-0.6037353453050729,0.5215915697123223,-0.17222804439303097,-0.3258706574452734
-1.3865565092386303,-0.08517008019184619,-0.9430898511331101,-0.7584819899799535,-0.35077758384989993
0.4643914361219691,-0.6239043659864781,0.11934950041718895,0.09578077679096686,0.6596732259922359
0.02432825687894445,0.5814137310831653,1.4168826130395429,0.2022495177693605,-0.10857859141966145
0.3118809998549965,1.436615598000231,1.785987471020624,1.3897710078349095,0.5852597294573209
-0.8459326612327822,-1.3175519901325379,0.21338727715767727,-1.6259442211696533,-0.7087058797368097
0.8776943676540395,0.3141299768503334,1.8317821819456732,0.9756868199953425,0.9309280904788968
1.1704037224037138,0.8733276405178994,0.8851145938979915,0.3093026304391155,1.6869690844738543
1.2267838565158078,0.45055642467819207,1.4391048104423751,0.6216008953405286,1.3090743761709118
-0.7338109401622046,0.8421606095820984,-0.1869224714012834,-0.5144207743894105,-0.7277153866014083
-0.32497807184350913,-0.82287002950491,-0.8641100083570158,0.14679340998661553,0.1349254794554984
1.1658488342867275,0.11928893355547436,0.5235968434237426,1.2181303584024439,1.143342604239709
0.7391571476577009,1.0281007170625067,1.5314979788773981,0.1640417549632774,-0.3755376460248321
0.9247200871548302,1.5079351533642065,0.04025521248305507,-0.49221249948961404,-0.0415834459964986
-0.20548112418145173,-0.2702059862203949,-0.18522366606949173,-0.8580639162621904,-0.866103786127422
0.7706599630106592,0.4274490993824068,0.46888284997985746,0.5888503639796902,0.9871025084399877
0.44536926969223484,0.24387734304298478,0.010528105184996835,-0.5387521270641025,0.1944686779029746
-0.12214374449787568,0.19603597755395677,0.5301866097135072,-0.1454444663390538,-0.4960064353337376
-0.874772060584464,-0.6882899355695978,-1.1288985601146204,-1.2581034967069438,-1.6988595809784466
-0.23085547271632376,-0.4505822238099694,-0.13339294999437015,0.05776936534363764,-0.5906306322522517
0.10592200670964515,-0.21930786994915255,-0.0024458072124189842,0.03296508059915564,-0.3838807985589047
0.4858520796906954,0.6807283533928589,-0.5495261242020175,-0.4402961412321811,0.060669148666837404
-0.11543547839183367,0.32102769506806433,0.2649557282775752,1.4833143432655624,-0.011074838472687068
-0.15953466620138412,-0.06508960222038014,-0.15314849472923184,-0.2202749883351759,-0.756242743191928
-0.2936665697042777,-0.58880185348317,0.02810056643249728,-1.0013217848619929,-0.11179138607039513
0.04425300689273989,-0.6229318922431905,0.26778329949472107,-0.17076505080816748,-0.6010838969016967
0.27344195505500785,-1.0577177077061135,-0.7285882342176199,-0.42690737681899393,-0.41739441767223606
0.1888425619166661,-0.6913315692455401,0.08158901534615953,-0.16028750847481565,0.06785615580118495
1.785330882729203,1.1762983929515927,0.6402572399422164,0.40397821101959425,0.9775668742466032
0.0916238676316193,0.35142367310257927,1.0355479275550277,0.8118493572961568,0.9455756682852857
0.6469157387951946,2.141164677526617,1.638510886898656,0.9936051369258448,0.27977809285785715
0.3027472010938649,-1.1491843604939902,-0.3724062987538126,-0.6878561903629046,-0.2759933098882749
1.0111880968021725,0.46278933072664136,1.9257961973509838,0.7154870716681877,1.4611680654317496
-1.4901882505092483,-1.2910710773358507,0.24459760172247752,-1.0320959712304447,-0.2570621630430832
-0.7638292162573115,-0.4304434159781965,1.353291010833568,0.9865951999057809,0.040377918106402004
1.2943399881276936,0.5582294806698197,-0.14399559777246984,0.737299448854096,0.3370012874799451
0.1879898618724812,0.3866274101846694,0.17017932851136236,0.8292075608924815,0.5471120526291502
-1.0034798765121498,-1.5496028631533139,-1.4596068190280764,-1.0797076690541183,-0.8471685959568205
-1.13304941427456,-1.1112154834560266,-1.7139910103195546,-1.7218824261949996,-1.329052074766655
0.272136634080895,0.07798854557020361,0.36425533415213224,2.0767930738889593,-0.08874176478096348
-0.24878635551495973,0.16348125403892047,-0.08373032114127352,-0.7421858015340593,-0.5619709205409561
0.4620010005906534,0.578412052914368,0.1238382352969535,-0.27366800325098456,0.514553513192745
-0.06225335916073486,0.254812210374148,0.100799023392351,1.0737451117032222,0.07789159892647117
-1.1431349640903337,0.8790661038538529,-0.4290322338767938,0.5323803997326837,0.5935519663887515
0.6887424026928142,2.0271031453532196,1.6130235492831992,0.6855656315895754,0.5538524516654741
0.5607403630380875,0.3408348503391712,-0.5117833415234654,-0.2501035436321383,0.9716254471359723
-0.3974740127812798,-0.522095811668808,-1.064249135380266,-0.40055065765631004,-1.3011895273234273
0.9218263071370484,0.4874094945234581,0.18688071938354844,-0.41682790606680376,1.0782811049551804
-0.6389031965389464,-0.39280798725939625,-0.6946187527220755,-0.7009724941234219,-0.9230501955298627
0.22105872190795045,0.5826449640563024,-0.24271882131857395,0.7520799080275559,0.007224262014102829
1.8227196355566846,-0.05268580594118251,0.1391745612769504,1.0101773235279905,1.5709232649035858
-0.039494019195504576,1.3605604232227868,1.210459929387535,1.5756597828433345,1.2364747957378168
1.110047570968462,0.9869146662218525,0.7165596674979324,1.7692566151400428,1.346194879618651
-0.3047047177488553,-0.14668299979206398,-0.5330877328192173,-0.2195792311040251,-0.42925198271203757
-0.6877555690260044,0.7690806460314615,0.4507752948324468,0.606080700263118,0.5724830710319756
0.26904000861371835,0.41052030729127725,0.6106379548622947,-0.3046912343297679,1.0746620691087714
-0.34436120886854116,-0.6714173511385355,-0.1983523897294022,-0.6480636948364877,-0.5169752156964931
0.27683421007400444,0.349902465117917,-0.5974817504568739,-0.47268281421674574,0.3899697568735777
0.3980787011835658,-0.7687104057679944,-0.23441038908030692,0.23695618261074827,-0.4675977995489026
-0.0800121321500348,1.6725362969845683,0.6215220850740268,-0.3053785205908583,1.041464370674925
0.202227197746458,0.7128515989378275,1.7067556912306892,0.5775727600677288,1.3115292578761264
-1.1871448500168862,-0.6428658512827621,-0.9441184730511696,-0.36854218673974753,-0.31303032625605204
0.1917457429966209,0.9202870048537437,2.0950027924123384,0.7686399801058302,0.9386133392119845
0.18335950670441498,0.6688259941784385,-0.12197766082086489,-0.7274041720690118,-0.6658981560565819
0.08220426792545407,1.1858896037018012,0.19605408387908763,0.7303151996055018,-0.19473002956281055
0.2984695059880668,1.2220783929515953,0.7355093073038195,0.4148446470551114,1.9221093801041231
2.223606254589551,1.3734783158436104,0.8429985724469421,1.4412954995719551,0.6495034642738501
0.8912925780911843,0.4745536612463579,-0.3201324735787528,-0.0044246822054457525,-0.2928019079460676
-0.7258335614425097,-1.4364028736028356,-0.7746369962360942,-1.1080406560454117,-0.8166553096316468
0.48969937869002544,1.6638428942235481,1.3214848923616602,0.9101265803797189,1.0900520286079955
-0.8460411291139455,-0.1854073539808957,-0.3057757861830287,-0.37057344362079914,-0.20298356054534145
0.5969966213819434,-0.6463977653496765,-0.3924631313540141,0.5415047259793037,0.809005094623423
-1.6924468957207277,-0.7346801086643754,-0.6530038640540817,-1.2240590370700817,-1.6031660447629288
0.6896405779318444,0.8249150853361242,1.2636640991961121,1.05939144041412,1.1432956649755637
0.9212597972110377,0.3381899768517763,0.9303156428810367,0.552717560140151,-0.30444023173864143
1.7487326139271662,0.507996634980507,-0.18126294803599521,1.6438515265103752,0.3535818767287804
0.3425026899801907,1.048816332708332,0.07109540031901669,0.584214718732751,0.7658235321777963
-0.7721874093937401,-0.4070815607124414,-0.4804452560671411,-0.9526157018795811,-1.5073142803496946
-0.31656936519992857,-0.7932279468237164,-0.6205570410246052,0.21164939870715777,0.3329753994895633
-1.8885979758076101,0.07819199441878749,0.5360049769649013,0.29673460191424617,-0.40797346186419053
0.6889071586969474,1.4630198830549002,1.025259861929149,1.0087301158772173,1.3827882418516901
0.4171304799508287,-0.6695150437759358,-1.0793133122609726,-0.7822913420864749,0.20863956250017626
0.8829927503937832,1.1011886492203005,0.5089545492571014,0.4430229798632561,0.9590438856396367
0.23818592895173932,-0.24239503967584333,-0.18893474731319515,0.7158965245275797,-0.7549564815751594
0.6641488556246953,0.8963901774344049,-0.3619505120335356,0.27988683661015545,0.6723451103769534
-0.2693224078556218,0.01019634766073581,0.13822794888959272,-0.08622052109000186,-1.6301198081004056
-0.6474386336786887,1.1984891248273861,0.1539687485029006,-0.8550057708217668,-0.27856596154954044
0.772119336558675,0.4658104714908627,1.3325199329749111,-0.13000696575862833,-0.003291579825174328
-0.28440953769864386,0.22148386933931286,0.1294919966074409,0.023399561774745302,-0.10566550770764409
-1.0910964115652209,0.4550974389849612,-0.9644715198252753,0.09127959109290905,-0.09459731809749505
0.8749478193015573,0.7799601483266629,0.3831293004206541,0.20399447342812319,0.4103796139604342
0.7194934889477372,0.4026442512038155,0.9738974238484929,0.38332823638940083,0.9124823493404235
-0.8532148183996032,-0.39569531987762546,-0.4224596482399014,-0.832997998992801,-0.649684864272354
-1.2395518074953613,-1.9704994551713704,-0.6732981645770869,-1.8203487102722828,-1.153797394446995
-0.6170433409433828,-0.921926747119548,0.28190844796067677,0.6444594758052515,-0.8299059064637642
-0.5560474490990786,0.3252551920734569,-0.9132977455460178,-0.27823852528988713,-0.6894738394979925
1.4188386369298973,0.12885062678038064,-0.47897870362936285,0.1523735964972486,0.13269915551637348
-0.3373023491063442,-0.7579884774000683,0.0711592658700985,-0.19031562580331787,0.9338172208476221
-1.0477823810246656,-1.1667247356708368,-1.670681918542032,-1.237132110018655,-1.1182034915534511
1.357286074942315,0.798312571316231,0.014009343386943818,0.43859492732414784,0.5002954934971591
0.6302501941121001,0.11395922081514248,1.2268643044135215,0.32731756835786,0.26229905541186027
0.8906185723149511,-0.41563140389696135,0.5902860124714772,0.6344408714757463,0.18329308324701804
-1.3025106116074596,-0.5649103973471115,-1.764466605693038,-0.3958730489582493,-1.3678237585769282
0.34706474897215994,1.0707180005243484,0.10677545001400128,0.5320856153237037,-0.15556219526377785
0.3881136718294101,-0.34983396633428876,0.3224950920898712,-0.15512510930784326,0.37387371452684504
0.09591375616054662,0.6482957974909361,0.2513443931981673,2.058592013948878,0.38740144717757885
-0.5728211424875437,-0.21252157684816075,-0.388645012586912,0.22996322252368837,0.9445244273424634
-0.8543122861684753,-1.1636510157114612,-1.2009340243346844,-1.0962426911310843,-1.2814318835023328
-0.8521214529725913,0.1133364141658321,-0.4156399010205879,0.35633186313860166,0.6123904776501703
0.6002710072008566,-0.4941137679074454,-0.39351390945023745,0.8534515192949826,-0.7535874726093676
-0.7853691746508514,-0.3698872497621188,0.2643816760613584,-0.7100540831982346,0.91772375323271
-0.6438563715768406,-0.28752591182346304,-0.2703711529867994,-0.3814204986809376,-1.3187879035742711
0.5616304939219877,0.45734273788721347,0.6355057169066589,0.8920226751094504,0.2538906080641693
1.4513622539164128,0.8970940113866305,1.3051868820858452,1.1286150031545725,0.5725953881376471
-0.27909363046218444,0.9853944265236283,-1.0277577465284298,-0.1543717671143474,-0.33027162105812535
0.5019607179499367,0.6868186465329515,1.7257409337932688,0.24057130846061395,1.3038718556547721
0.19704780788026835,0.07784179312468535,0.3722610784217822,0.23982230880677471,1.2641635391579835
-0.5550237965180629,-0.3444492849881363,0.6179380303600316,-0.31384452701312976,-0.6284335620506025
-1.0431323233411414,-1.8847174260859234,-0.8831583023767311,-1.1679759050588823,-1.4640259187788551
-1.4990673527743428,-0.50129482116973,-1.4282650899743625,-1.5406621035973609,-0.247962822823349
-0.34019276709580976,0.111959195437591,0.002227840206499609,-0.83014827467641,0.1613376099659884
-0.10342684981455996,0.21782763596990398,1.115088499939201,0.748204154570123,-0.1626968126166985
-0.787206778273729,-0.5467272522042936,-0.14694488088167376,0.3689179030071174,-0.13905649901492564
-1.126369504317544,-0.12076462028870602,-0.37513495744420233,-0.491709742487742,-0.7635653773454064
-0.5935663744562181,-0.3919107284570214,0.06992818705014298,-0.2886838462406809,-0.751263341748055
0.16257083599327576,-0.035494125596514464,0.1833171024402371,-0.0962565039489118,0.28934646014233323
1.186705911807051,0.5641441784707598,1.3191764982575556,0.5105299469467751,-0.15556371334068636
0.2140135661376822,0.2900977536614662,0.17347560074234739,-0.2578822730754834,0.09077857958636437
-0.09526436623661888,0.23463008004046118,-0.37553453352626215,-0.8100241774792694,-0.408386986522804
-0.21291850793162634,-0.0570540265107462,-1.3739032501367983,0.38335788343871,0.352956280424523
0.9363623826600606,1.262392909472765,0.7638062421361851,0.9096633826431648,-0.12013139526745628
0.088300461274601,0.4867984339063223,1.451014697094443,0.7443635048864274,0.13788567437129945
-1.6014232013317522,-0.17856787866610457,-0.50084041473678,-1.331093719121773,-1.1133556164234093
1.0573057157446986,0.3808118579289766,0.37513285540571634,-0.18908158322331817,0.7574856101413012
-1.3890833438360273,-1.12054852737546,-1.4267667137679398,-0.5706675062194526,-0.5385974065053383
1.108781934381317,0.03649928210877308,0.7592162443610103,0.46899298380065335,0.12884098885834394
-0.660487457241081,-0.5948980505199281,-1.8312786164510402,-1.4628878348723333,-1.6647277452673133
1.3657234646130516,0.8691004292913508,0.7148858272484339,0.6432690715714874,1.2487997202349572
-0.42411156240535086,-0.9347833922922768,-0.4032191175722612,-0.29397570802931416,0.06910519556319793
-0.350192924336794,-0.8126808390585244,-0.6793378042904717,-0.7354833509817654,0.14717797763039392
1.1259512614769704,0.47708294869346346,1.2795553426118504,0.5552852511866707,0.48741784471660643
0.6797807930326036,-0.2589317897161938,-0.6679980083190509,0.648452821048227,0.19417411526681358
0.16275638693308203,-0.3572987525839919,0.898149250170367,0.44847577363973995,0.2635017072962022
-0.2788970093872851,-0.12612206486509142,-0.3027971035081625,-1.019433446142974,-1.0424589366848596
0.18624872598571565,-1.1418337799492426,0.1111322953615937,-0.7121080134967389,0.8902533011496274
-1.2388677368893093,-0.07094062235298271,-0.5627945024063375,0.7393298401738547,-0.6675668805433718
1.0036016036676667,-0.43576129062238056,0.24917983553613698,-0.04494371044891155,0.9636922075991414
-0.4381864977565708,0.37859392276710113,-0.15615231838117843,0.6096843843802745,0.22338648780134576
0.11708777712840578,0.2433694689714174,1.1404036741553032,0.20128477464505898,0.38109457678729736
-0.7622952139331576,-1.2490136930712104,-2.0729336908062095,-0.8348339850458021,-1.7034483441319839
0.5828269202594146,0.10893310076687704,-0.3100119665305765,1.4294640569355825,-0.18753344194099128
-0.19239755653703244,-0.34670693183366164,-0.5728817942041504,-1.0589868503980802,0.33469123752130747
1.3657328129929718,0.3402019632938489,0.8990377215153602,1.2057038662398625,1.03740642869014
-0.6686201638413516,-0.5489996274188089,-0.7766191224571996,0.0023888931608258657,-1.291812331615337
1.7817169977331648,0.4725284674921542,1.6464499605739984,1.3043784424316849,1.0660629469866096
0.09203614237523855,-1.1352512304521576,-0.9587143629023028,-0.010753562283662074,-1.6948462632383559
1.115482504732342,1.5266509626782685,0.8626202259974788,-0.14856409905681386,-0.16788586702433847
0.813950213183798,-0.3951052791429708,0.5165830905570242,0.238955170628325,0.9751187159124479
1.0500980888353166,0.8841850649141658,0.26456982034118887,0.6449515003486417,-0.1908667506961119
-0.902838343588976,-1.1200696246635395,0.31531226404427537,-0.05683139633987587,-1.9480022581513161
-1.465830514167567,-1.425324366097903,-1.3805553088851745,-1.0885844872880175,0.15088464150353836
-0.007214752827004744,-0.9018204138798748,-0.142733418110098,0.135925042131366,-0.6132858857243324
0.19069243081400752,-0.3156881258786176,0.10758262360036683,-1.0269737316035175,0.5636445337867323
1.0785675736557685,0.9844562827865331,-0.4259505823193623,0.7359573020563502,-0.1767695371502728
1.3494534048458495,-0.1943016327284641,0.37904679254633605,0.7201356949483448,0.9343151532756478
0.21327329859070898,0.2861361390907304,-0.9521126617376227,-1.1000194225275721,-0.9930381382130851
-0.06431005389638815,0.5887202715059527,0.6095932734061882,0.21631303900017718,0.5006782720436936
-0.02394202742913776,0.8415181312977668,0.6773775248679862,0.9429803504514904,1.0656246098854671
-1.417778670546684,-0.5352980764933918,-0.24421424622134807,-0.19131933502827903,0.13810742157678454
1.2336831041072442,-0.32323692008612287,0.10427381035101117,-0.004868028318232614,0.08353807601746581
0.3603861967931133,0.7203377927987414,1.1643212767360416,0.8622800368982905,1.9972705201675174
-0.006511930458421033,0.2699146684128929,0.042002472892753405,0.21623071675341435,0.09801168176364436
0.23782574952125266,-0.46000131648343767,-0.5157633007705044,-1.140580229794577,-0.36917668838009926
-0.4143399423008824,0.1660593369931593,-0.4796393091141613,0.6521123278200517,-0.08395856152150054
-2.25187758883778,-1.3570871703499707,-0.9961882714286979,-1.1349691738940169,-1.0381083209605717
-0.5212613810025564,0.3760075206179629,-0.07062148898573262,0.7225729282466914,-0.6127464623624687
-0.2503849586681505,-0.772340818199856,-0.01797706893888766,-0.432922138731322,0.19761370434649284
-0.3359434263037928,-0.015446359303541235,0.29141808375154993,-1.4734474745883033,-0.3105057045592368
-0.5431040304423937,-0.3318235838534429,-0.08721995496868194,0.7312080177333973,-0.18935521418618725
0.9929705722227413,0.8246851196075743,0.4941446634669711,1.0859304488521444,1.0117884442270448
0.14414624205046658,0.5727506021494999,-0.18378752504475035,0.4905048301773118,0.9392484716052882
-0.5337161923493268,0.6731404007390933,-0.538474039304324,0.25746185773151853,0.6962750154479407
-0.9628381770500456,-0.4887097648279978,-1.1686686650692648,0.5126198207432949,-0.21997166739677196
-0.5616079484082275,0.23566773501272165,0.5132752926968313,0.5686458859581072,0.31016725362414926
-1.1380577422021136,-0.9353319382736187,-0.3165381393559754,-0.9676160178592002,-1.337757027955057
0.8382497184362511,0.8765009139330948,1.227404227766014,1.0758731795128142,1.2509394664689382
0.6730904237469436,0.07019345179424447,-0.19864270045810858,0.6555346427478468,-0.5824522745934665
-0.5769630552452029,-1.259779716751048,-1.197307276739593,-0.7641380979838513,-1.765520892516891
-0.6130653776896572,-1.2656885732724557,-0.9105694943137389,-0.7522231393362913,-0.4813509732801632
1.3881737162447283,-0.8940512659542984,-1.117670158749725,-1.2236741184818294,-0.24285223448121776
0.40416288369429976,0.34269549567459817,0.36712468817677096,0.35209004343253647,0.6072016366435107
0.39654416187598485,0.5031350753130783,1.0909143145628222,0.37974286147656766,0.38390907451211276
-0.8640574623134158,-0.938684149103304,-0.5108583806200319,-0.4036472412431477,-0.4679723660542532
0.13939666861559585,1.736993887288533,0.23109993669438336,0.4682197617200631,-0.03206226185944895
0.016284206744026995,-0.567719377019698,0.8277068992384139,-0.27736684283304897,0.07608089218458684
-1.3601182792802788,0.5180835363596299,-0.48806767444984417,-1.0275357447336493,-0.41988194243004223
-0.8383306554649785,-0.8485767604327032,-1.8510905148700412,-1.7023439951938861,-0.8338673463024305
-0.7879341003692945,-1.0654882505883398,-0.66014246177485,-0.7127184670241159,0.1945060822471099
1.0095310793274215,1.4539174645659863,0.1776374290089662,1.1788998460848883,1.5642758129892558
-0.7487111517860375,0.4107402678508695,-0.9674688373169471,-1.0893635130102153,0.38122898181361886
0.803713319213456,1.3029504384076072,0.5287112803211188,1.8571401130520364,0.6812189125527971
0.3834125603994674,1.1377923597781756,0.9777244207293635,0.612081132981437,0.8307896771416997
-0.9085345302994067,0.23642643629040516,0.9484942983449347,-0.5260115986103348,0.7000084859439958
-0.025096714438335086,-0.7414084033057863,0.005340128468626062,-0.36595235227342526,-0.7036638287230464
-0.8956149591829397,-0.6931184230875517,-0.39611762519420196,-0.20259083809605538,-0.886606106736086
0.6826786988752204,0.18801726740182806,-0.48383286280821947,0.2066077556243232,-0.516052096487131
-0.846068808236457,0.8166973953573288,-0.0034608403009156593,-0.6014907436144333,0.1868003234946133
0.9567084903589016,0.6586186836998624,1.0374056882663665,2.229194438820794,1.1286453881791054
-0.7009705377577654,0.9111331277586493,-0.4466746480738355,-0.017733523667002912,-0.06575885773322919
0.7460052037335299,0.3857077946552507,0.8486068985850181,0.0231808923671024,0.36780145560772337
-1.8319398824130024,-1.042369783401472,-1.216297700789014,-1.4383688166301647,-0.734423026507212
1.4828118224259752,0.2986635775723378,1.3648080484370522,1.9197751219479204,0.614247219681866
1.431497380877321,0.6601574544684479,1.613155807379376,0.5169327098825575,1.5335105005577783
-0.21344077101970482,-1.043278189561546,-0.544394501213764,-0.13836843034769633,-0.11906567582337009
-0.9928541192685864,-0.5200613546661863,-0.8602443305554395,0.08706714556637654,-1.8298932693262089
-1.216745909257259,0.2660405994043743,0.4756998990327783,0.33458887603979276,-0.32459303625479036
-0.04747795466923768,0.7361332067795018,-0.4246266845650379,-0.19474774064103254,0.18422681030174404
-0.16299083379544643,-1.0870334830305168,-0.3950007058891341,-0.7611270712655236,-0.8165958215342926
-0.36639664836572877,2.187605188271356,1.245026975044633,0.6057490118826285,0.6342250489331773
0.6076093049849133,0.10710519186260019,-0.3586631198975781,-0.6498257010265089,-0.6530687181143207
1.2131707797532527,0.8860837783025476,1.000803678830875,0.9656116823113288,1.0661574140145347
-0.23583171273043582,-0.3345630342072524,-0.4471914407224258,1.0444852219743002,-0.9457749342121161
-0.40128357378880414,-1.0132462776967301,-0.7588368199443724,-0.34511883953142075,-0.05860191504814867
0.34494484619105165,-0.08580052573144833,0.036779676736065664,0.7150089654667088,0.04765873651037798
0.6169416895816523,1.2366617033794955,0.25418427915597913,1.6786491149163816,0.4543771508472829
-0.6099999693110074,-0.5945414908661755,-0.9211039857594173,-0.4223421867284683,0.5573122448759756
0.26454955133078206,0.5318065480691143,0.7214777993458605,0.1792397201345719,-0.22703999902326685
1.1072569751087475,0.05426045028654626,0.7643789687413739,1.0245415724334401,0.05474622161592611
-0.158347025204782,-0.5317765917524089,0.42825298491807384,0.41185219504961684,0.026217780538128878
0.18831717138516296,0.208058961615708,-0.6736197937380859,-0.6448832134087125,0.13954072119599664
0.20734191877198263,0.15182414470645955,-0.312484775031121,-0.8358340045944468,-1.3274462239769322
0.496622291452216,-0.42422873615369217,-0.45429958196620324,-1.1383583780070097,-0.3773154069308894
-0.3310741285289676,0.5402060520520061,0.7643109429140648,-0.05618937848451746,0.6058672285165672
0.33203502448066297,1.1618233193370853,-0.060088443143644074,0.3509969082652041,-0.3410937201552018
-1.0415356667293616,-1.126237833835729,-1.5638442228956024,-0.35621660918094494,-0.3359861337269863
2.030914634763994,0.88424044555106,0.38154955870519364,0.4788262216425863,1.583087313685689
-0.7566657322648329,-0.4342056807895734,-0.5696789293640353,0.4211658751162961,0.5788644227912858
-0.16032532360624724,-0.37378808354676385,0.4556311569394222,0.6561490243197696,0.6609809397123342
1.2157622025413746,0.22454648560152773,-0.8789741591230992,0.2618886539484742,0.19574011986203577
0.13677074733727487,1.0878381339310983,1.5699011252867625,0.8881880784902363,0.07032445036876575
0.22965877006545052,1.1644496381149654,0.865925708357075,-0.279573715632085,-0.6970831607820251
0.1257674636547533,-0.19043665824696765,0.9780031317484622,1.6652255221970413,0.8693331925260899
0.8673082054411242,0.6236185748229591,-1.5975241992992015,0.3666734835762331,1.4737889583434811
-1.042997657647094,-0.4607985065011788,-1.1958945059831068,-0.7680897006381151,-0.6705207960784991
-0.14518204223098016,-1.0320413805208115,-0.5446235427509216,-0.9322848055034534,0.2191418185801752
-0.09827490607867867,0.07676462154728339,1.088654166499555,0.2656042778487676,-0.1843588615771838
-1.077449347509326,-0.7135424152375571,-0.6298146092114749,-1.5407862424045524,-1.3984522246686197
0.1979486614972765,-1.3026021071642813,-1.0875228189969617,-0.5619310547830859,-0.1377183549272192
0.26943425541971505,-0.6670001473066509,0.9229663421518071,-0.29694490010195057,0.6934011454803931
0.6650758496947983,0.7378069237560324,0.09321145679589962,1.5809968428628949,0.3827650105494586
1.0241420939673784,1.1604496521581753,0.2785409901466275,-0.6458838769628814,1.5747014050163544
0.05495852745338972,0.4923394466917104,-0.4195990203557314,-0.7391752270910172,-0.19589740840766082
-0.24204659779269708,-0.007960039855158472,-1.0403328966738359,0.21780481328698267,-0.35352599169398385
-0.8725454840417887,-0.7841779275959962,-0.6155249591118631,-0.5274308344200045,-0.7636645395838388
-1.2443863780951112,-1.0276379824348716,-0.19992223797043102,0.15847611604032918,0.4089118744609898
0.1928399771695529,0.09669581052331012,0.29988192151447085,0.013086729074240577,1.6317951449145294
-0.4416270331728481,0.62064095521974,0.17570228552362321,-0.35144504124049303,-0.11513230176988842
0.7694642834700921,-0.43530876264545193,0.3924923077038529,0.7474083530113176,1.0142474300652908
0.0942070374968858,-0.6857247986853686,1.375879713864214,0.49985043022686426,-0.742826945991146
1.669488122799097,0.7956767766664288,0.6907012432277543,1.7211303627163128,0.16370193411704553
-1.4609817141352355,-0.6057500156533289,-2.281333772828651,-1.189568684103921,-0.5386297710872259
-0.05069247500316563,0.29141191271790673,1.695269349499198,0.9127492234395471,1.0186020530363278
0.6230176377315526,0.8732033769995092,1.0321702751983934,-0.3958143596271453,1.0497807223095348
0.6975268140728941,1.216565537688699,-0.5811262973860905,-0.23943713314165024,-0.070182395129943
